id;title;description;due_date;done;new_entity;some_info
1;consequently 全;ick oh;2024-03-30;false;挡 why;among
2;participation;也许 besides 细;2024-03-30;false;finally;skill 相当
3;清楚;oh 整 since;2024-03-30;true;几乎 热;across huzzah
4;披;whoa outside;2024-03-30;false;how;interview 擅自
5;十分 to 咀;although 平坦 along;2024-03-31;true;if 开;多
6;也许 except;幸亏 yahoo;2024-03-30;false;across apud down;血淋淋
7;快 惟独 eek;果然;2024-03-31;true;啃;笔直 切
8;甜 马虎;光;2024-03-30;false;consequently 托 since;坏
9;failure woot;整 persimmon;2024-03-31;true;整 没有 mmm;蠕动 advocacy 必然
10;十分;笔直;2024-03-31;false;一起;cartload brocolli 相当
